County,Year,Sensitive Planting Start,Sensitive Planting End
Wadena,1952,1952-04-15,1952-05-07
Wadena,1953,1953-04-15,1953-05-30
Wadena,1955,1955-04-15,1955-05-30
Wadena,1956,1956-04-15,1956-05-14
Wadena,1957,1957-04-15,1957-04-29
Wadena,1958,1958-04-15,1958-04-16
Wadena,1959,1959-04-15,1959-05-09
Wadena,1960,1960-04-15,1960-05-17
Wadena,1961,1961-04-15,1961-05-22
Wadena,1962,1962-04-15,1962-04-25
Wadena,1963,1963-04-15,1963-06-06
Wadena,1964,1964-04-15,1964-05-10
Wadena,1966,1966-04-15,1966-05-05
Wadena,1969,1969-04-15,1969-04-22
Wadena,1970,1970-04-15,1970-05-21
Wadena,1971,1971-04-15,1971-04-24
Wadena,1973,1973-04-15,1973-05-10
Wadena,1975,1975-04-15,1975-05-18
Wadena,1976,1976-04-15,1976-05-25
Wadena,1977,1977-04-15,1977-05-11
Wadena,1978,1978-04-15,1978-05-21
Wadena,1980,1980-04-15,1980-05-01
Wadena,1981,1981-04-15,1981-04-23
Wadena,1982,1982-04-15,1982-04-16
Wadena,1983,1983-04-15,1983-05-27
Wadena,1984,1984-04-15,1984-05-11
Wadena,1986,1986-04-15,1986-04-30
Wadena,1987,1987-04-15,1987-05-18
Wadena,1988,1988-04-15,1988-05-30
Wadena,1989,1989-04-15,1989-05-19
Wadena,1990,1990-04-15,1990-05-20
Wadena,1991,1991-04-15,1991-05-24
Wadena,1994,1994-04-15,1994-05-18
Wadena,1995,1995-04-15,1995-05-16
Wadena,1996,1996-04-15,1996-05-04
Wadena,1997,1997-04-15,1997-05-09
Wadena,1998,1998-04-15,1998-05-25
Wadena,1999,1999-04-15,1999-05-19
Wadena,2000,2000-04-15,2000-05-06
Wadena,2001,2001-04-15,2001-05-26
Wadena,2002,2002-04-15,2002-05-23
Wadena,2003,2003-04-15,2003-05-23
Wadena,2005,2005-04-15,2005-06-02
Wadena,2006,2006-04-15,2006-05-28
Wadena,2007,2007-04-15,2007-06-01
Wadena,2008,2008-04-15,2008-05-08
Wadena,2010,2010-04-15,2010-05-24
Wadena,2012,2012-04-15,2012-05-25
Wadena,2013,2013-04-15,2013-05-21
Wadena,2014,2014-04-15,2014-05-19
Wadena,2015,2015-04-15,2015-06-06
Wadena,2016,2016-04-15,2016-06-04
Wadena,2017,2017-04-15,2017-05-13
Wadena,2018,2018-04-15,2018-05-22
Wadena,2019,2019-04-15,2019-04-25
Wadena,2020,2020-04-15,2020-05-25
Wadena,2021,2021-04-15,2021-06-11
Wadena,2022,2022-04-15,2022-05-31
Wadena,2023,2023-04-15,2023-06-06
Wadena,2024,2024-04-15,2024-06-10
Cass,1952,1952-04-15,1952-04-30
Cass,1953,1953-04-15,1953-05-19
Cass,1955,1955-04-15,1955-05-21
Cass,1957,1957-04-15,1957-04-23
Cass,1959,1959-04-15,1959-05-02
Cass,1960,1960-04-15,1960-05-11
Cass,1961,1961-04-15,1961-05-15
Cass,1962,1962-04-15,1962-04-18
Cass,1963,1963-04-15,1963-06-03
Cass,1964,1964-04-15,1964-04-27
Cass,1970,1970-04-15,1970-05-16
Cass,1971,1971-04-15,1971-04-17
Cass,1973,1973-04-15,1973-05-05
Cass,1975,1975-04-15,1975-05-13
Cass,1976,1976-04-15,1976-05-18
Cass,1977,1977-04-15,1977-05-08
Cass,1978,1978-04-15,1978-05-14
Cass,1980,1980-04-15,1980-04-29
Cass,1983,1983-04-15,1983-05-19
Cass,1984,1984-04-15,1984-04-28
Cass,1987,1987-04-15,1987-05-15
Cass,1988,1988-04-15,1988-05-26
Cass,1989,1989-04-15,1989-05-16
Cass,1990,1990-04-15,1990-05-07
Cass,1991,1991-04-15,1991-05-21
Cass,1994,1994-04-15,1994-05-12
Cass,1995,1995-04-15,1995-05-13
Cass,1996,1996-04-15,1996-04-18
Cass,1997,1997-04-15,1997-04-27
Cass,1998,1998-04-15,1998-05-20
Cass,1999,1999-04-15,1999-05-10
Cass,2000,2000-04-15,2000-05-02
Cass,2001,2001-04-15,2001-05-20
Cass,2002,2002-04-15,2002-05-18
Cass,2003,2003-04-15,2003-05-19
Cass,2005,2005-04-15,2005-05-25
Cass,2006,2006-04-15,2006-05-26
Cass,2007,2007-04-15,2007-05-28
Cass,2008,2008-04-15,2008-04-22
Cass,2010,2010-04-15,2010-05-23
Cass,2012,2012-04-15,2012-05-22
Cass,2013,2013-04-15,2013-05-16
Cass,2014,2014-04-15,2014-05-11
Cass,2015,2015-04-15,2015-06-01
Cass,2016,2016-04-15,2016-05-29
Cass,2017,2017-04-15,2017-05-05
Cass,2018,2018-04-15,2018-05-19
Cass,2019,2019-04-15,2019-04-21
Cass,2020,2020-04-15,2020-05-21
Cass,2021,2021-04-15,2021-06-09
Cass,2022,2022-04-15,2022-05-25
Cass,2023,2023-04-15,2023-06-01
Cass,2024,2024-04-15,2024-06-05
Crow_Wing,1952,1952-04-15,1952-05-06
Crow_Wing,1953,1953-04-15,1953-05-27
Crow_Wing,1955,1955-04-15,1955-05-25
Crow_Wing,1956,1956-04-15,1956-05-11
Crow_Wing,1957,1957-04-15,1957-04-29
Crow_Wing,1958,1958-04-15,1958-04-16
Crow_Wing,1959,1959-04-15,1959-05-10
Crow_Wing,1960,1960-04-15,1960-05-18
Crow_Wing,1961,1961-04-15,1961-05-23
Crow_Wing,1962,1962-04-15,1962-04-27
Crow_Wing,1963,1963-04-15,1963-06-06
Crow_Wing,1964,1964-04-15,1964-05-10
Crow_Wing,1966,1966-04-15,1966-04-22
Crow_Wing,1968,1968-04-15,1968-04-16
Crow_Wing,1969,1969-04-15,1969-04-20
Crow_Wing,1970,1970-04-15,1970-05-21
Crow_Wing,1971,1971-04-15,1971-04-25
Crow_Wing,1972,1972-04-15,1972-04-25
Crow_Wing,1973,1973-04-15,1973-05-17
Crow_Wing,1974,1974-04-15,1974-04-20
Crow_Wing,1975,1975-04-15,1975-05-21
Crow_Wing,1976,1976-04-15,1976-05-24
Crow_Wing,1977,1977-04-15,1977-05-14
Crow_Wing,1978,1978-04-15,1978-05-21
Crow_Wing,1980,1980-04-15,1980-05-04
Crow_Wing,1981,1981-04-15,1981-04-27
Crow_Wing,1982,1982-04-15,1982-04-24
Crow_Wing,1983,1983-04-15,1983-05-27
Crow_Wing,1984,1984-04-15,1984-05-12
Crow_Wing,1986,1986-04-15,1986-04-28
Crow_Wing,1987,1987-04-15,1987-05-25
Crow_Wing,1988,1988-04-15,1988-05-29
Crow_Wing,1989,1989-04-15,1989-05-19
Crow_Wing,1990,1990-04-15,1990-05-12
Crow_Wing,1991,1991-04-15,1991-05-23
Crow_Wing,1994,1994-04-15,1994-05-18
Crow_Wing,1995,1995-04-15,1995-05-17
Crow_Wing,1996,1996-04-15,1996-05-05
Crow_Wing,1997,1997-04-15,1997-05-05
Crow_Wing,1998,1998-04-15,1998-05-28
Crow_Wing,1999,1999-04-15,1999-05-22
Crow_Wing,2000,2000-04-15,2000-05-06
Crow_Wing,2001,2001-04-15,2001-05-30
Crow_Wing,2002,2002-04-15,2002-05-24
Crow_Wing,2003,2003-04-15,2003-05-26
Crow_Wing,2005,2005-04-15,2005-06-04
Crow_Wing,2006,2006-04-15,2006-05-29
Crow_Wing,2007,2007-04-15,2007-06-02
Crow_Wing,2008,2008-04-15,2008-05-08
Crow_Wing,2009,2009-04-15,2009-04-15
Crow_Wing,2010,2010-04-15,2010-05-27
Crow_Wing,2012,2012-04-15,2012-05-28
Crow_Wing,2013,2013-04-15,2013-05-20
Crow_Wing,2014,2014-04-15,2014-05-21
Crow_Wing,2015,2015-04-15,2015-06-03
Crow_Wing,2016,2016-04-15,2016-05-31
Crow_Wing,2017,2017-04-15,2017-05-06
Crow_Wing,2018,2018-04-15,2018-05-22
Crow_Wing,2019,2019-04-15,2019-05-05
Crow_Wing,2020,2020-04-15,2020-05-28
Crow_Wing,2021,2021-04-15,2021-06-11
Crow_Wing,2022,2022-04-15,2022-05-31
Crow_Wing,2023,2023-04-15,2023-06-05
Crow_Wing,2024,2024-04-15,2024-06-10
Todd,1952,1952-04-15,1952-05-22
Todd,1953,1953-04-15,1953-06-09
Todd,1954,1954-04-15,1954-04-27
Todd,1955,1955-04-15,1955-06-04
Todd,1956,1956-04-15,1956-05-23
Todd,1957,1957-04-15,1957-05-06
Todd,1958,1958-04-15,1958-05-07
Todd,1959,1959-04-15,1959-05-22
Todd,1960,1960-04-15,1960-05-25
Todd,1961,1961-04-15,1961-05-29
Todd,1962,1962-04-15,1962-05-11
Todd,1963,1963-04-15,1963-06-08
Todd,1964,1964-04-15,1964-05-22
Todd,1966,1966-04-15,1966-05-21
Todd,1968,1968-04-15,1968-05-04
Todd,1969,1969-04-15,1969-05-08
Todd,1970,1970-04-15,1970-05-31
Todd,1971,1971-04-15,1971-05-11
Todd,1972,1972-04-15,1972-05-13
Todd,1973,1973-04-15,1973-05-27
Todd,1974,1974-04-15,1974-05-07
Todd,1975,1975-04-15,1975-05-26
Todd,1976,1976-04-15,1976-05-31
Todd,1977,1977-04-15,1977-05-19
Todd,1978,1978-04-15,1978-05-28
Todd,1979,1979-04-15,1979-04-19
Todd,1980,1980-04-15,1980-05-11
Todd,1981,1981-04-15,1981-05-08
Todd,1982,1982-04-15,1982-05-04
Todd,1983,1983-04-15,1983-06-03
Todd,1984,1984-04-15,1984-05-21
Todd,1985,1985-04-15,1985-04-27
Todd,1986,1986-04-15,1986-05-11
Todd,1987,1987-04-15,1987-05-30
Todd,1988,1988-04-15,1988-06-05
Todd,1989,1989-04-15,1989-05-29
Todd,1990,1990-04-15,1990-05-27
Todd,1991,1991-04-15,1991-05-28
Todd,1994,1994-04-15,1994-05-22
Todd,1995,1995-04-15,1995-05-22
Todd,1996,1996-04-15,1996-05-17
Todd,1997,1997-04-15,1997-05-24
Todd,1998,1998-04-15,1998-06-01
Todd,1999,1999-04-15,1999-05-30
Todd,2000,2000-04-15,2000-05-17
Todd,2001,2001-04-15,2001-06-04
Todd,2002,2002-04-15,2002-05-30
Todd,2003,2003-04-15,2003-05-29
Todd,2004,2004-04-15,2004-04-17
Todd,2005,2005-04-15,2005-06-07
Todd,2006,2006-04-15,2006-05-31
Todd,2007,2007-04-15,2007-06-06
Todd,2008,2008-04-15,2008-05-13
Todd,2009,2009-04-15,2009-04-23
Todd,2010,2010-04-15,2010-05-29
Todd,2011,2011-04-15,2011-04-25
Todd,2012,2012-04-15,2012-06-02
Todd,2013,2013-04-15,2013-05-28
Todd,2014,2014-04-15,2014-05-22
Todd,2015,2015-04-15,2015-06-06
Todd,2016,2016-04-15,2016-06-04
Todd,2017,2017-04-15,2017-05-13
Todd,2018,2018-04-15,2018-05-26
Todd,2019,2019-04-15,2019-05-15
Todd,2020,2020-04-15,2020-05-31
Todd,2021,2021-04-15,2021-06-13
Todd,2022,2022-04-15,2022-06-09
Todd,2023,2023-04-15,2023-06-10
Todd,2024,2024-04-15,2024-06-13
Morrison,1952,1952-04-15,1952-05-23
Morrison,1953,1953-04-15,1953-06-10
Morrison,1954,1954-04-15,1954-04-23
Morrison,1955,1955-04-15,1955-06-03
Morrison,1956,1956-04-15,1956-05-23
Morrison,1957,1957-04-15,1957-05-07
Morrison,1958,1958-04-15,1958-05-07
Morrison,1959,1959-04-15,1959-05-20
Morrison,1960,1960-04-15,1960-05-24
Morrison,1961,1961-04-15,1961-05-28
Morrison,1962,1962-04-15,1962-05-12
Morrison,1963,1963-04-15,1963-06-09
Morrison,1964,1964-04-15,1964-05-20
Morrison,1966,1966-04-15,1966-05-18
Morrison,1968,1968-04-15,1968-05-04
Morrison,1969,1969-04-15,1969-05-05
Morrison,1970,1970-04-15,1970-05-30
Morrison,1971,1971-04-15,1971-05-12
Morrison,1972,1972-04-15,1972-05-08
Morrison,1973,1973-04-15,1973-05-27
Morrison,1974,1974-04-15,1974-05-01
Morrison,1975,1975-04-15,1975-05-26
Morrison,1976,1976-04-15,1976-05-31
Morrison,1977,1977-04-15,1977-05-19
Morrison,1978,1978-04-15,1978-05-27
Morrison,1979,1979-04-15,1979-04-20
Morrison,1980,1980-04-15,1980-05-15
Morrison,1981,1981-04-15,1981-05-14
Morrison,1982,1982-04-15,1982-05-05
Morrison,1983,1983-04-15,1983-06-05
Morrison,1984,1984-04-15,1984-05-21
Morrison,1985,1985-04-15,1985-04-29
Morrison,1986,1986-04-15,1986-05-12
Morrison,1987,1987-04-15,1987-05-31
Morrison,1988,1988-04-15,1988-06-03
Morrison,1989,1989-04-15,1989-05-28
Morrison,1990,1990-04-15,1990-05-26
Morrison,1991,1991-04-15,1991-05-28
Morrison,1994,1994-04-15,1994-05-23
Morrison,1995,1995-04-15,1995-05-27
Morrison,1996,1996-04-15,1996-05-19
Morrison,1997,1997-04-15,1997-05-24
Morrison,1998,1998-04-15,1998-06-05
Morrison,1999,1999-04-15,1999-05-30
Morrison,2000,2000-04-15,2000-05-19
Morrison,2001,2001-04-15,2001-06-06
Morrison,2002,2002-04-15,2002-05-31
Morrison,2003,2003-04-15,2003-05-29
Morrison,2004,2004-04-15,2004-04-22
Morrison,2005,2005-04-15,2005-06-10
Morrison,2006,2006-04-15,2006-06-01
Morrison,2007,2007-04-15,2007-06-08
Morrison,2008,2008-04-15,2008-05-21
Morrison,2009,2009-04-15,2009-04-26
Morrison,2010,2010-04-15,2010-06-02
Morrison,2011,2011-04-15,2011-05-07
Morrison,2012,2012-04-15,2012-06-05
Morrison,2013,2013-04-15,2013-05-29
Morrison,2014,2014-04-15,2014-05-25
Morrison,2015,2015-04-15,2015-06-07
Morrison,2016,2016-04-15,2016-06-06
Morrison,2017,2017-04-15,2017-05-15
Morrison,2018,2018-04-15,2018-05-27
Morrison,2019,2019-04-15,2019-05-16
Morrison,2020,2020-04-15,2020-06-03
Morrison,2021,2021-04-15,2021-06-13
Morrison,2022,2022-04-15,2022-06-08
Morrison,2023,2023-04-15,2023-06-10
Morrison,2024,2024-04-15,2024-06-13
Douglas,1952,1952-04-15,1952-05-24
Douglas,1953,1953-04-15,1953-06-10
Douglas,1954,1954-04-15,1954-05-10
Douglas,1955,1955-04-15,1955-06-05
Douglas,1956,1956-04-15,1956-05-27
Douglas,1957,1957-04-15,1957-05-07
Douglas,1958,1958-04-15,1958-05-10
Douglas,1959,1959-04-15,1959-05-25
Douglas,1960,1960-04-15,1960-05-23
Douglas,1961,1961-04-15,1961-05-28
Douglas,1962,1962-04-15,1962-05-10
Douglas,1963,1963-04-15,1963-06-09
Douglas,1964,1964-04-15,1964-05-22
Douglas,1966,1966-04-15,1966-05-23
Douglas,1967,1967-04-15,1967-04-19
Douglas,1968,1968-04-15,1968-05-09
Douglas,1969,1969-04-15,1969-05-14
Douglas,1970,1970-04-15,1970-06-04
Douglas,1971,1971-04-15,1971-05-15
Douglas,1972,1972-04-15,1972-05-17
Douglas,1973,1973-04-15,1973-05-31
Douglas,1974,1974-04-15,1974-05-17
Douglas,1975,1975-04-15,1975-05-26
Douglas,1976,1976-04-15,1976-06-03
Douglas,1977,1977-04-15,1977-05-19
Douglas,1978,1978-04-15,1978-05-31
Douglas,1979,1979-04-15,1979-04-24
Douglas,1980,1980-04-15,1980-05-18
Douglas,1981,1981-04-15,1981-05-15
Douglas,1982,1982-04-15,1982-05-05
Douglas,1983,1983-04-15,1983-06-03
Douglas,1984,1984-04-15,1984-05-21
Douglas,1985,1985-04-15,1985-04-26
Douglas,1986,1986-04-15,1986-05-11
Douglas,1987,1987-04-15,1987-05-29
Douglas,1988,1988-04-15,1988-06-05
Douglas,1989,1989-04-15,1989-05-30
Douglas,1990,1990-04-15,1990-05-28
Douglas,1991,1991-04-15,1991-05-28
Douglas,1994,1994-04-15,1994-05-22
Douglas,1995,1995-04-15,1995-05-22
Douglas,1996,1996-04-15,1996-05-18
Douglas,1997,1997-04-15,1997-05-26
Douglas,1998,1998-04-15,1998-05-31
Douglas,1999,1999-04-15,1999-05-29
Douglas,2000,2000-04-15,2000-05-18
Douglas,2001,2001-04-15,2001-06-05
Douglas,2002,2002-04-15,2002-05-30
Douglas,2003,2003-04-15,2003-05-29
Douglas,2004,2004-04-15,2004-04-17
Douglas,2005,2005-04-15,2005-06-06
Douglas,2006,2006-04-15,2006-05-31
Douglas,2007,2007-04-15,2007-06-07
Douglas,2008,2008-04-15,2008-05-18
Douglas,2009,2009-04-15,2009-04-30
Douglas,2010,2010-04-15,2010-05-30
Douglas,2011,2011-04-15,2011-04-29
Douglas,2012,2012-04-15,2012-06-04
Douglas,2013,2013-04-15,2013-05-31
Douglas,2014,2014-04-15,2014-05-24
Douglas,2015,2015-04-15,2015-06-07
Douglas,2016,2016-04-15,2016-06-07
Douglas,2017,2017-04-15,2017-05-15
Douglas,2018,2018-04-15,2018-05-30
Douglas,2019,2019-04-15,2019-05-27
Douglas,2020,2020-04-15,2020-06-03
Douglas,2021,2021-04-15,2021-06-15
Douglas,2022,2022-04-15,2022-06-12
Douglas,2023,2023-04-15,2023-06-11
Douglas,2024,2024-04-15,2024-06-12
Otter_Tail,1952,1952-04-15,1952-05-23
Otter_Tail,1953,1953-04-15,1953-06-08
Otter_Tail,1954,1954-04-15,1954-05-10
Otter_Tail,1955,1955-04-15,1955-06-04
Otter_Tail,1956,1956-04-15,1956-05-25
Otter_Tail,1957,1957-04-15,1957-05-08
Otter_Tail,1958,1958-04-15,1958-05-05
Otter_Tail,1959,1959-04-15,1959-05-24
Otter_Tail,1960,1960-04-15,1960-05-25
Otter_Tail,1961,1961-04-15,1961-05-29
Otter_Tail,1962,1962-04-15,1962-05-06
Otter_Tail,1963,1963-04-15,1963-06-12
Otter_Tail,1964,1964-04-15,1964-05-21
Otter_Tail,1966,1966-04-15,1966-05-22
Otter_Tail,1967,1967-04-15,1967-04-21
Otter_Tail,1968,1968-04-15,1968-05-05
Otter_Tail,1969,1969-04-15,1969-05-09
Otter_Tail,1970,1970-04-15,1970-06-03
Otter_Tail,1971,1971-04-15,1971-05-14
Otter_Tail,1972,1972-04-15,1972-05-12
Otter_Tail,1973,1973-04-15,1973-05-29
Otter_Tail,1974,1974-04-15,1974-05-08
Otter_Tail,1975,1975-04-15,1975-05-24
Otter_Tail,1976,1976-04-15,1976-06-03
Otter_Tail,1977,1977-04-15,1977-05-17
Otter_Tail,1978,1978-04-15,1978-05-27
Otter_Tail,1980,1980-04-15,1980-05-16
Otter_Tail,1981,1981-04-15,1981-05-15
Otter_Tail,1982,1982-04-15,1982-05-02
Otter_Tail,1983,1983-04-15,1983-06-02
Otter_Tail,1984,1984-04-15,1984-05-20
Otter_Tail,1985,1985-04-15,1985-04-21
Otter_Tail,1986,1986-04-15,1986-05-10
Otter_Tail,1987,1987-04-15,1987-05-26
Otter_Tail,1988,1988-04-15,1988-06-03
Otter_Tail,1989,1989-04-15,1989-05-27
Otter_Tail,1990,1990-04-15,1990-05-27
Otter_Tail,1991,1991-04-15,1991-05-27
Otter_Tail,1994,1994-04-15,1994-05-21
Otter_Tail,1995,1995-04-15,1995-05-24
Otter_Tail,1996,1996-04-15,1996-05-18
Otter_Tail,1997,1997-04-15,1997-05-22
Otter_Tail,1998,1998-04-15,1998-05-28
Otter_Tail,1999,1999-04-15,1999-05-25
Otter_Tail,2000,2000-04-15,2000-05-17
Otter_Tail,2001,2001-04-15,2001-06-01
Otter_Tail,2002,2002-04-15,2002-05-29
Otter_Tail,2003,2003-04-15,2003-05-29
Otter_Tail,2005,2005-04-15,2005-06-03
Otter_Tail,2006,2006-04-15,2006-05-29
Otter_Tail,2007,2007-04-15,2007-06-01
Otter_Tail,2008,2008-04-15,2008-05-15
Otter_Tail,2010,2010-04-15,2010-05-27
Otter_Tail,2011,2011-04-15,2011-04-20
Otter_Tail,2012,2012-04-15,2012-06-02
Otter_Tail,2013,2013-04-15,2013-05-28
Otter_Tail,2014,2014-04-15,2014-05-23
Otter_Tail,2015,2015-04-15,2015-06-07
Otter_Tail,2016,2016-04-15,2016-06-05
Otter_Tail,2017,2017-04-15,2017-05-15
Otter_Tail,2018,2018-04-15,2018-05-25
Otter_Tail,2019,2019-04-15,2019-05-08
Otter_Tail,2020,2020-04-15,2020-06-01
Otter_Tail,2021,2021-04-15,2021-06-14
Otter_Tail,2022,2022-04-15,2022-06-09
Otter_Tail,2023,2023-04-15,2023-06-07
Otter_Tail,2024,2024-04-15,2024-06-11
Pope,1952,1952-04-15,1952-05-30
Pope,1953,1953-04-15,1953-06-13
Pope,1954,1954-04-15,1954-05-20
Pope,1955,1955-04-15,1955-06-10
Pope,1956,1956-04-15,1956-05-31
Pope,1957,1957-04-15,1957-05-11
Pope,1958,1958-04-15,1958-05-15
Pope,1959,1959-04-15,1959-05-31
Pope,1960,1960-04-15,1960-05-28
Pope,1961,1961-04-15,1961-06-01
Pope,1962,1962-04-15,1962-05-17
Pope,1963,1963-04-15,1963-06-14
Pope,1964,1964-04-15,1964-05-28
Pope,1965,1965-04-15,1965-05-03
Pope,1966,1966-04-15,1966-05-28
Pope,1967,1967-04-15,1967-05-17
Pope,1968,1968-04-15,1968-05-19
Pope,1969,1969-04-15,1969-05-21
Pope,1970,1970-04-15,1970-06-05
Pope,1971,1971-04-15,1971-05-21
Pope,1972,1972-04-15,1972-05-20
Pope,1973,1973-04-15,1973-06-03
Pope,1974,1974-04-15,1974-05-23
Pope,1975,1975-04-15,1975-06-01
Pope,1976,1976-04-15,1976-06-07
Pope,1977,1977-04-15,1977-05-25
Pope,1978,1978-04-15,1978-06-07
Pope,1979,1979-04-15,1979-05-20
Pope,1980,1980-04-15,1980-05-25
Pope,1981,1981-04-15,1981-05-22
Pope,1982,1982-04-15,1982-05-15
Pope,1983,1983-04-15,1983-06-10
Pope,1984,1984-04-15,1984-05-29
Pope,1985,1985-04-15,1985-05-04
Pope,1986,1986-04-15,1986-05-18
Pope,1987,1987-04-15,1987-06-02
Pope,1988,1988-04-15,1988-06-09
Pope,1989,1989-04-15,1989-06-06
Pope,1990,1990-04-15,1990-06-03
Pope,1991,1991-04-15,1991-06-02
Pope,1992,1992-04-15,1992-04-17
Pope,1993,1993-04-15,1993-04-21
Pope,1994,1994-04-15,1994-05-28
Pope,1995,1995-04-15,1995-05-30
Pope,1996,1996-04-15,1996-05-24
Pope,1997,1997-04-15,1997-06-04
Pope,1998,1998-04-15,1998-06-12
Pope,1999,1999-04-15,1999-06-05
Pope,2000,2000-04-15,2000-05-30
Pope,2001,2001-04-15,2001-06-12
Pope,2002,2002-04-15,2002-06-06
Pope,2003,2003-04-15,2003-06-05
Pope,2004,2004-04-15,2004-05-07
Pope,2005,2005-04-15,2005-06-13
Pope,2006,2006-04-15,2006-06-04
Pope,2007,2007-04-15,2007-06-12
Pope,2008,2008-04-15,2008-05-31
Pope,2009,2009-04-15,2009-05-15
Pope,2010,2010-04-15,2010-06-06
Pope,2011,2011-04-15,2011-05-14
Pope,2012,2012-04-15,2012-06-08
Pope,2013,2013-04-15,2013-06-07
Pope,2014,2014-04-15,2014-05-28
Pope,2015,2015-04-15,2015-06-13
Pope,2016,2016-04-15,2016-06-11
Pope,2017,2017-04-15,2017-05-27
Pope,2018,2018-04-15,2018-06-01
Pope,2019,2019-04-15,2019-05-31
Pope,2020,2020-04-15,2020-06-08
Pope,2021,2021-04-15,2021-06-15
Pope,2022,2022-04-15,2022-06-15
Pope,2023,2023-04-15,2023-06-15
Pope,2024,2024-04-15,2024-06-15
Stearns,1951,1951-04-15,1951-05-01
Stearns,1952,1952-04-15,1952-06-01
Stearns,1953,1953-04-15,1953-06-14
Stearns,1954,1954-04-15,1954-05-22
Stearns,1955,1955-04-15,1955-06-11
Stearns,1956,1956-04-15,1956-06-01
Stearns,1957,1957-04-15,1957-05-16
Stearns,1958,1958-04-15,1958-05-18
Stearns,1959,1959-04-15,1959-06-01
Stearns,1960,1960-04-15,1960-05-31
Stearns,1961,1961-04-15,1961-06-04
Stearns,1962,1962-04-15,1962-05-19
Stearns,1963,1963-04-15,1963-06-15
Stearns,1964,1964-04-15,1964-05-31
Stearns,1965,1965-04-15,1965-05-04
Stearns,1966,1966-04-15,1966-05-28
Stearns,1967,1967-04-15,1967-05-17
Stearns,1968,1968-04-15,1968-05-22
Stearns,1969,1969-04-15,1969-05-21
Stearns,1970,1970-04-15,1970-06-05
Stearns,1971,1971-04-15,1971-05-28
Stearns,1972,1972-04-15,1972-05-18
Stearns,1973,1973-04-15,1973-06-04
Stearns,1974,1974-04-15,1974-05-26
Stearns,1975,1975-04-15,1975-06-04
Stearns,1976,1976-04-15,1976-06-06
Stearns,1977,1977-04-15,1977-05-26
Stearns,1978,1978-04-15,1978-06-07
Stearns,1979,1979-04-15,1979-05-20
Stearns,1980,1980-04-15,1980-05-26
Stearns,1981,1981-04-15,1981-05-24
Stearns,1982,1982-04-15,1982-05-17
Stearns,1983,1983-04-15,1983-06-11
Stearns,1984,1984-04-15,1984-06-02
Stearns,1985,1985-04-15,1985-05-07
Stearns,1986,1986-04-15,1986-05-24
Stearns,1987,1987-04-15,1987-06-05
Stearns,1988,1988-04-15,1988-06-10
Stearns,1989,1989-04-15,1989-06-06
Stearns,1990,1990-04-15,1990-06-04
Stearns,1991,1991-04-15,1991-06-02
Stearns,1992,1992-04-15,1992-04-30
Stearns,1993,1993-04-15,1993-04-27
Stearns,1994,1994-04-15,1994-05-30
Stearns,1995,1995-04-15,1995-06-02
Stearns,1996,1996-04-15,1996-05-28
Stearns,1997,1997-04-15,1997-06-03
Stearns,1998,1998-04-15,1998-06-14
Stearns,1999,1999-04-15,1999-06-07
Stearns,2000,2000-04-15,2000-06-01
Stearns,2001,2001-04-15,2001-06-13
Stearns,2002,2002-04-15,2002-06-05
Stearns,2003,2003-04-15,2003-06-06
Stearns,2004,2004-04-15,2004-05-12
Stearns,2005,2005-04-15,2005-06-15
Stearns,2006,2006-04-15,2006-06-05
Stearns,2007,2007-04-15,2007-06-13
Stearns,2008,2008-04-15,2008-06-02
Stearns,2009,2009-04-15,2009-05-14
Stearns,2010,2010-04-15,2010-06-08
Stearns,2011,2011-04-15,2011-05-19
Stearns,2012,2012-04-15,2012-06-10
Stearns,2013,2013-04-15,2013-06-06
Stearns,2014,2014-04-15,2014-05-30
Stearns,2015,2015-04-15,2015-06-11
Stearns,2016,2016-04-15,2016-06-11
Stearns,2017,2017-04-15,2017-05-28
Stearns,2018,2018-04-15,2018-05-31
Stearns,2019,2019-04-15,2019-05-29
Stearns,2020,2020-04-15,2020-06-07
Stearns,2021,2021-04-15,2021-06-15
Stearns,2022,2022-04-15,2022-06-15
Stearns,2023,2023-04-15,2023-06-14
Stearns,2024,2024-04-15,2024-06-15
Sherburne,1951,1951-04-15,1951-05-09
Sherburne,1952,1952-04-15,1952-06-04
Sherburne,1953,1953-04-15,1953-06-15
Sherburne,1954,1954-04-15,1954-05-27
Sherburne,1955,1955-04-15,1955-06-15
Sherburne,1956,1956-04-15,1956-06-04
Sherburne,1957,1957-04-15,1957-05-27
Sherburne,1958,1958-04-15,1958-05-21
Sherburne,1959,1959-04-15,1959-06-03
Sherburne,1960,1960-04-15,1960-06-03
Sherburne,1961,1961-04-15,1961-06-06
Sherburne,1962,1962-04-15,1962-05-27
Sherburne,1963,1963-04-15,1963-06-15
Sherburne,1964,1964-04-15,1964-06-06
Sherburne,1965,1965-04-15,1965-05-12
Sherburne,1966,1966-04-15,1966-06-03
Sherburne,1967,1967-04-15,1967-05-24
Sherburne,1968,1968-04-15,1968-05-31
Sherburne,1969,1969-04-15,1969-05-28
Sherburne,1970,1970-04-15,1970-06-08
Sherburne,1971,1971-04-15,1971-06-04
Sherburne,1972,1972-04-15,1972-05-19
Sherburne,1973,1973-04-15,1973-06-10
Sherburne,1974,1974-04-15,1974-05-28
Sherburne,1975,1975-04-15,1975-06-11
Sherburne,1976,1976-04-15,1976-06-07
Sherburne,1977,1977-04-15,1977-05-28
Sherburne,1978,1978-04-15,1978-06-09
Sherburne,1979,1979-04-15,1979-05-26
Sherburne,1980,1980-04-15,1980-05-29
Sherburne,1981,1981-04-15,1981-05-29
Sherburne,1982,1982-04-15,1982-05-25
Sherburne,1983,1983-04-15,1983-06-13
Sherburne,1984,1984-04-15,1984-06-04
Sherburne,1985,1985-04-15,1985-05-11
Sherburne,1986,1986-04-15,1986-05-28
Sherburne,1987,1987-04-15,1987-06-07
Sherburne,1988,1988-04-15,1988-06-11
Sherburne,1989,1989-04-15,1989-06-07
Sherburne,1990,1990-04-15,1990-06-06
Sherburne,1991,1991-04-15,1991-06-03
Sherburne,1992,1992-04-15,1992-05-01
Sherburne,1993,1993-04-15,1993-05-04
Sherburne,1994,1994-04-15,1994-06-03
Sherburne,1995,1995-04-15,1995-06-05
Sherburne,1996,1996-04-15,1996-05-28
Sherburne,1997,1997-04-15,1997-06-04
Sherburne,1998,1998-04-15,1998-06-15
Sherburne,1999,1999-04-15,1999-06-08
Sherburne,2000,2000-04-15,2000-06-06
Sherburne,2001,2001-04-15,2001-06-14
Sherburne,2002,2002-04-15,2002-06-08
Sherburne,2003,2003-04-15,2003-06-07
Sherburne,2004,2004-04-15,2004-05-19
Sherburne,2005,2005-04-15,2005-06-15
Sherburne,2006,2006-04-15,2006-06-05
Sherburne,2007,2007-04-15,2007-06-13
Sherburne,2008,2008-04-15,2008-06-05
Sherburne,2009,2009-04-15,2009-05-20
Sherburne,2010,2010-04-15,2010-06-12
Sherburne,2011,2011-04-15,2011-05-21
Sherburne,2012,2012-04-15,2012-06-11
Sherburne,2013,2013-04-15,2013-06-09
Sherburne,2014,2014-04-15,2014-06-02
Sherburne,2015,2015-04-15,2015-06-14
Sherburne,2016,2016-04-15,2016-06-14
Sherburne,2017,2017-04-15,2017-06-02
Sherburne,2018,2018-04-15,2018-06-03
Sherburne,2019,2019-04-15,2019-05-31
Sherburne,2020,2020-04-15,2020-06-10
Sherburne,2021,2021-04-15,2021-06-15
Sherburne,2022,2022-04-15,2022-06-15
Sherburne,2023,2023-04-15,2023-06-15
Sherburne,2024,2024-04-15,2024-06-15
Benton,1951,1951-04-15,1951-05-02
Benton,1952,1952-04-15,1952-05-30
Benton,1953,1953-04-15,1953-06-14
Benton,1954,1954-04-15,1954-05-19
Benton,1955,1955-04-15,1955-06-08
Benton,1956,1956-04-15,1956-05-29
Benton,1957,1957-04-15,1957-05-14
Benton,1958,1958-04-15,1958-05-14
Benton,1959,1959-04-15,1959-05-28
Benton,1960,1960-04-15,1960-05-30
Benton,1961,1961-04-15,1961-06-01
Benton,1962,1962-04-15,1962-05-18
Benton,1963,1963-04-15,1963-06-14
Benton,1964,1964-04-15,1964-05-26
Benton,1965,1965-04-15,1965-05-01
Benton,1966,1966-04-15,1966-05-27
Benton,1967,1967-04-15,1967-05-15
Benton,1968,1968-04-15,1968-05-20
Benton,1969,1969-04-15,1969-05-19
Benton,1970,1970-04-15,1970-06-05
Benton,1971,1971-04-15,1971-05-26
Benton,1972,1972-04-15,1972-05-13
Benton,1973,1973-04-15,1973-06-03
Benton,1974,1974-04-15,1974-05-20
Benton,1975,1975-04-15,1975-06-03
Benton,1976,1976-04-15,1976-06-04
Benton,1977,1977-04-15,1977-05-25
Benton,1978,1978-04-15,1978-05-31
Benton,1979,1979-04-15,1979-05-14
Benton,1980,1980-04-15,1980-05-23
Benton,1981,1981-04-15,1981-05-23
Benton,1982,1982-04-15,1982-05-16
Benton,1983,1983-04-15,1983-06-10
Benton,1984,1984-04-15,1984-05-31
Benton,1985,1985-04-15,1985-05-06
Benton,1986,1986-04-15,1986-05-21
Benton,1987,1987-04-15,1987-06-03
Benton,1988,1988-04-15,1988-06-06
Benton,1989,1989-04-15,1989-06-03
Benton,1990,1990-04-15,1990-06-01
Benton,1991,1991-04-15,1991-05-31
Benton,1992,1992-04-15,1992-04-19
Benton,1993,1993-04-15,1993-04-19
Benton,1994,1994-04-15,1994-05-29
Benton,1995,1995-04-15,1995-06-01
Benton,1996,1996-04-15,1996-05-22
Benton,1997,1997-04-15,1997-05-31
Benton,1998,1998-04-15,1998-06-12
Benton,1999,1999-04-15,1999-06-06
Benton,2000,2000-04-15,2000-05-28
Benton,2001,2001-04-15,2001-06-11
Benton,2002,2002-04-15,2002-06-01
Benton,2003,2003-04-15,2003-06-02
Benton,2004,2004-04-15,2004-05-09
Benton,2005,2005-04-15,2005-06-15
Benton,2006,2006-04-15,2006-06-03
Benton,2007,2007-04-15,2007-06-12
Benton,2008,2008-04-15,2008-05-31
Benton,2009,2009-04-15,2009-05-12
Benton,2010,2010-04-15,2010-06-08
Benton,2011,2011-04-15,2011-05-18
Benton,2012,2012-04-15,2012-06-09
Benton,2013,2013-04-15,2013-06-03
Benton,2014,2014-04-15,2014-05-31
Benton,2015,2015-04-15,2015-06-10
Benton,2016,2016-04-15,2016-06-11
Benton,2017,2017-04-15,2017-05-27
Benton,2018,2018-04-15,2018-05-30
Benton,2019,2019-04-15,2019-05-26
Benton,2020,2020-04-15,2020-06-08
Benton,2021,2021-04-15,2021-06-15
Benton,2022,2022-04-15,2022-06-13
Benton,2023,2023-04-15,2023-06-14
Benton,2024,2024-04-15,2024-06-15
Hubbard,1952,1952-04-15,1952-04-29
Hubbard,1953,1953-04-15,1953-05-15
Hubbard,1955,1955-04-15,1955-05-20
Hubbard,1957,1957-04-15,1957-04-19
Hubbard,1959,1959-04-15,1959-04-27
Hubbard,1960,1960-04-15,1960-05-06
Hubbard,1961,1961-04-15,1961-05-11
Hubbard,1963,1963-04-15,1963-06-03
Hubbard,1964,1964-04-15,1964-04-16
Hubbard,1970,1970-04-15,1970-05-07
Hubbard,1973,1973-04-15,1973-04-19
Hubbard,1975,1975-04-15,1975-05-02
Hubbard,1976,1976-04-15,1976-05-16
Hubbard,1977,1977-04-15,1977-05-01
Hubbard,1978,1978-04-15,1978-05-08
Hubbard,1980,1980-04-15,1980-04-22
Hubbard,1983,1983-04-15,1983-05-11
Hubbard,1984,1984-04-15,1984-04-20
Hubbard,1987,1987-04-15,1987-05-10
Hubbard,1988,1988-04-15,1988-05-24
Hubbard,1989,1989-04-15,1989-05-12
Hubbard,1990,1990-04-15,1990-05-08
Hubbard,1991,1991-04-15,1991-05-17
Hubbard,1994,1994-04-15,1994-04-24
Hubbard,1995,1995-04-15,1995-05-07
Hubbard,1997,1997-04-15,1997-04-22
Hubbard,1998,1998-04-15,1998-05-15
Hubbard,1999,1999-04-15,1999-05-01
Hubbard,2000,2000-04-15,2000-04-26
Hubbard,2001,2001-04-15,2001-05-17
Hubbard,2002,2002-04-15,2002-05-08
Hubbard,2003,2003-04-15,2003-05-14
Hubbard,2005,2005-04-15,2005-05-22
Hubbard,2006,2006-04-15,2006-05-22
Hubbard,2007,2007-04-15,2007-05-22
Hubbard,2010,2010-04-15,2010-05-18
Hubbard,2012,2012-04-15,2012-05-19
Hubbard,2013,2013-04-15,2013-05-14
Hubbard,2014,2014-04-15,2014-05-02
Hubbard,2015,2015-04-15,2015-05-30
Hubbard,2016,2016-04-15,2016-05-26
Hubbard,2017,2017-04-15,2017-05-05
Hubbard,2018,2018-04-15,2018-05-15
Hubbard,2020,2020-04-15,2020-05-14
Hubbard,2021,2021-04-15,2021-06-08
Hubbard,2022,2022-04-15,2022-05-23
Hubbard,2023,2023-04-15,2023-05-31
Hubbard,2024,2024-04-15,2024-06-03
Kandiyohi,1951,1951-04-15,1951-05-08
Kandiyohi,1952,1952-04-15,1952-06-06
Kandiyohi,1953,1953-04-15,1953-06-15
Kandiyohi,1954,1954-04-15,1954-06-01
Kandiyohi,1955,1955-04-15,1955-06-15
Kandiyohi,1956,1956-04-15,1956-06-07
Kandiyohi,1957,1957-04-15,1957-05-28
Kandiyohi,1958,1958-04-15,1958-05-29
Kandiyohi,1959,1959-04-15,1959-06-05
Kandiyohi,1960,1960-04-15,1960-06-03
Kandiyohi,1961,1961-04-15,1961-06-06
Kandiyohi,1962,1962-04-15,1962-05-27
Kandiyohi,1963,1963-04-15,1963-06-15
Kandiyohi,1964,1964-04-15,1964-06-07
Kandiyohi,1965,1965-04-15,1965-05-14
Kandiyohi,1966,1966-04-15,1966-06-02
Kandiyohi,1967,1967-04-15,1967-05-25
Kandiyohi,1968,1968-04-15,1968-05-31
Kandiyohi,1969,1969-04-15,1969-05-27
Kandiyohi,1970,1970-04-15,1970-06-08
Kandiyohi,1971,1971-04-15,1971-06-04
Kandiyohi,1972,1972-04-15,1972-05-23
Kandiyohi,1973,1973-04-15,1973-06-10
Kandiyohi,1974,1974-04-15,1974-06-04
Kandiyohi,1975,1975-04-15,1975-06-13
Kandiyohi,1976,1976-04-15,1976-06-09
Kandiyohi,1977,1977-04-15,1977-06-01
Kandiyohi,1978,1978-04-15,1978-06-15
Kandiyohi,1979,1979-04-15,1979-06-01
Kandiyohi,1980,1980-04-15,1980-06-03
Kandiyohi,1981,1981-04-15,1981-06-01
Kandiyohi,1982,1982-04-15,1982-05-21
Kandiyohi,1983,1983-04-15,1983-06-14
Kandiyohi,1984,1984-04-15,1984-06-05
Kandiyohi,1985,1985-04-15,1985-05-12
Kandiyohi,1986,1986-04-15,1986-05-30
Kandiyohi,1987,1987-04-15,1987-06-07
Kandiyohi,1988,1988-04-15,1988-06-13
Kandiyohi,1989,1989-04-15,1989-06-11
Kandiyohi,1990,1990-04-15,1990-06-09
Kandiyohi,1991,1991-04-15,1991-06-05
Kandiyohi,1992,1992-04-15,1992-05-07
Kandiyohi,1993,1993-04-15,1993-05-07
Kandiyohi,1994,1994-04-15,1994-06-03
Kandiyohi,1995,1995-04-15,1995-06-05
Kandiyohi,1996,1996-04-15,1996-05-31
Kandiyohi,1997,1997-04-15,1997-06-09
Kandiyohi,1998,1998-04-15,1998-06-15
Kandiyohi,1999,1999-04-15,1999-06-09
Kandiyohi,2000,2000-04-15,2000-06-07
Kandiyohi,2001,2001-04-15,2001-06-15
Kandiyohi,2002,2002-04-15,2002-06-09
Kandiyohi,2003,2003-04-15,2003-06-10
Kandiyohi,2004,2004-04-15,2004-05-21
Kandiyohi,2005,2005-04-15,2005-06-15
Kandiyohi,2006,2006-04-15,2006-06-07
Kandiyohi,2007,2007-04-15,2007-06-15
Kandiyohi,2008,2008-04-15,2008-06-07
Kandiyohi,2009,2009-04-15,2009-05-21
Kandiyohi,2010,2010-04-15,2010-06-11
Kandiyohi,2011,2011-04-15,2011-05-22
Kandiyohi,2012,2012-04-15,2012-06-11
Kandiyohi,2013,2013-04-15,2013-06-10
Kandiyohi,2014,2014-04-15,2014-06-01
Kandiyohi,2015,2015-04-15,2015-06-15
Kandiyohi,2016,2016-04-15,2016-06-14
Kandiyohi,2017,2017-04-15,2017-06-03
Kandiyohi,2018,2018-04-15,2018-06-04
Kandiyohi,2019,2019-04-15,2019-06-01
Kandiyohi,2020,2020-04-15,2020-06-10
Kandiyohi,2021,2021-04-15,2021-06-15
Kandiyohi,2022,2022-04-15,2022-06-15
Kandiyohi,2023,2023-04-15,2023-06-15
Kandiyohi,2024,2024-04-15,2024-06-15
